time_ms,red_pct,red_raw,green_pct,green_raw,blue_pct,blue_raw
436000,43,1783,71,2933,76,3147
436100,43,1791,71,2929,76,3143
436200,44,1807,71,2939,76,3137
436300,44,1809,71,2939,76,3131
436400,44,1803,71,2947,76,3141
436500,43,1775,71,2945,76,3143
436600,43,1775,71,2945,76,3143
436700,43,1773,72,2949,76,3151
436800,43,1773,71,2931,76,3143
436900,43,1787,71,2925,76,3147
437000,43,1787,71,2927,76,3129
437100,43,1801,71,2947,76,3137
437200,44,1809,71,2943,76,3143
437300,43,1775,71,2947,76,3147
437400,43,1775,71,2939,76,3149
437500,43,1775,71,2941,76,3139
437600,46,1905,71,2923,76,3139
437700,53,2177,71,2931,76,3151
437800,59,2451,71,2933,76,3147
437900,65,2683,71,2939,76,3143
438000,66,2721,71,2943,76,3141
438100,65,2699,71,2939,76,3149
438200,62,2573,72,2951,76,3149
438300,56,2327,71,2947,76,3149
438400,49,2025,71,2923,76,3143
438500,45,1843,71,2935,76,3147
438600,44,1809,71,2929,76,3141
438700,45,1879,71,2943,76,3143
438800,49,2043,71,2941,76,3149
438900,54,2247,72,2949,76,3147
439000,59,2421,72,2949,76,3149
439100,63,2611,71,2947,76,3143
439200,64,2657,71,2947,76,3147
439300,60,2495,71,2931,76,3147
439400,52,2145,71,2929,76,3153
439500,46,1891,71,2923,77,3157
439600,41,1698,71,2947,76,3139
439700,39,1622,71,2943,76,3139
439800,41,1719,71,2943,76,3141
439900,47,1941,71,2943,76,3147
440000,53,2171,71,2943,76,3147
440100,58,2395,71,2927,76,3151
440200,63,2615,71,2931,76,3145
440300,67,2763,71,2929,76,3153
440400,67,2767,71,2943,76,3143
440500,67,2763,71,2945,76,3143
440600,67,2763,71,2943,76,3147
440700,67,2747,72,2951,76,3143
440800,67,2747,71,2943,76,3151
440900,64,2657,71,2927,76,3151
441000,53,2183,71,2935,76,3147
441100,37,1531,71,2929,77,3155
441200,23,971,71,2935,76,3139
441300,12,496,71,2941,76,3143
441400,2,117,72,2953,76,3143
441500,2,92,71,2929,76,3127
441600,2,85,71,2917,76,3127
441700,3,129,71,2929,76,3127
441800,2,87,71,2921,76,3123
441900,1,78,71,2923,76,3123
442000,2,92,71,2921,76,3131
442100,1,76,71,2919,76,3117
442200,2,90,71,2923,76,3127
442300,2,88,71,2919,76,3123
442400,1,75,71,2917,76,3121
442500,2,86,71,2925,76,3119
442600,1,80,71,2919,76,3123
442700,1,74,71,2923,76,3123
442800,2,87,71,2917,76,3129
442900,1,76,71,2919,76,3121
443000,2,105,71,2915,76,3123
443100,1,81,71,2913,76,3121
443200,1,77,71,2921,76,3121
443300,2,88,71,2923,76,3123
443400,1,73,71,2917,76,3121
443500,2,102,71,2925,76,3121
443600,1,81,71,2917,76,3125
443700,1,74,71,2915,76,3119
443800,2,89,71,2915,76,3123
443900,1,74,71,2921,76,3121
444000,2,87,68,2813,76,3121
444100,1,77,57,2343,76,3117
444200,1,72,42,1745,76,3123
444300,2,88,25,1057,76,3119
444400,1,80,11,475,76,3127
444500,1,72,5,239,76,3119
444600,1,73,2,121,76,3123
444700,1,78,1,80,76,3123
444800,1,75,1,74,76,3123
444900,2,83,1,74,76,3123
445000,1,79,1,80,76,3121
445100,1,78,1,80,76,3125
445200,1,74,1,74,76,3127
445300,1,74,1,75,76,3127
445400,1,73,2,94,76,3123
445500,2,82,1,72,76,3121
445600,1,79,1,77,76,3121
445700,1,80,1,74,72,2951
445800,1,80,2,83,58,2395
445900,1,75,1,76,44,1831
446000,1,75,1,76,33,1379
446100,1,73,1,72,20,829
446200,1,73,1,68,6,278
446300,1,75,1,71,1,71
446400,1,73,1,69,1,78
446500,1,76,1,74,1,78
446600,1,71,1,76,1,79
446700,1,74,1,78,1,79
446800,1,71,1,71,1,74
446900,1,74,1,69,1,71
447000,1,74,1,75,1,79
447100,1,74,1,76,1,74
447200,1,73,1,72,1,74
447300,1,73,1,73,1,73
447400,1,73,1,74,1,76
447500,1,73,1,74,1,73
447600,1,73,1,67,1,79
447700,1,73,1,73,1,77
447800,1,74,1,71,1,70
447900,1,73,1,74,1,70
448000,1,74,1,71,2,99
448100,1,74,2,103,1,80
448200,1,74,1,68,1,69
448300,1,74,1,67,1,72
448400,1,74,1,78,1,77
448500,1,74,1,77,1,77
448600,1,73,1,73,1,80
448700,1,73,1,69,1,80
448800,1,72,1,72,1,76
448900,1,72,1,77,1,77
449000,1,72,1,73,1,73
449100,1,72,1,74,1,70
449200,1,75,1,73,1,73
449300,1,80,1,72,1,75
449400,1,74,1,75,1,69
449500,1,75,1,74,1,79
449600,1,74,1,71,1,68
449700,1,74,1,76,1,78
449800,1,71,1,72,1,77
449900,1,72,1,71,1,76
450000,1,74,1,72,1,71
450100,1,75,1,73,1,75
450200,1,76,1,73,2,82
450300,2,102,1,74,1,77
450400,1,73,1,67,1,74
450500,1,74,1,76,1,73
450600,1,75,1,66,1,76
450700,1,73,1,73,1,75
450800,1,73,1,72,1,74
450900,1,76,1,67,1,71
451000,1,71,1,68,1,72
451100,1,75,1,69,1,72
451200,1,73,1,68,1,73
451300,1,73,1,72,1,73
451400,1,75,1,76,1,77
451500,1,73,1,73,1,72
451600,1,75,1,72,1,74
451700,1,75,1,69,1,74
451800,1,72,1,76,1,79
451900,1,74,1,73,1,80
452000,1,75,1,69,1,76
452100,1,72,1,75,1,77
452200,1,74,1,69,1,77
452300,1,74,1,74,1,75
452400,1,74,1,71,1,73
452500,1,72,1,73,2,101
452600,1,73,1,78,1,73
452700,1,73,1,72,1,72
452800,1,72,1,72,1,78
452900,1,72,1,77,1,79
453000,1,76,1,69,1,76
453100,1,71,1,74,1,72
453200,1,73,1,67,1,70
453300,1,75,1,72,1,79
453400,1,74,1,72,1,76
453500,1,73,1,72,1,71
453600,1,73,1,74,1,72
453700,1,74,1,70,1,73
453800,1,73,1,73,1,76
453900,1,74,1,73,1,73
454000,1,77,1,75,1,80
454100,1,73,1,73,1,76
454200,1,71,1,76,1,75
454300,1,65,1,77,1,77
454400,1,76,1,74,1,77
454500,1,73,1,75,1,81
454600,1,73,1,74,2,105
454700,1,76,1,70,1,77
454800,1,75,1,78,1,74
454900,1,76,1,69,1,76
455000,1,72,1,73,1,78
455100,1,73,1,74,1,77
455200,1,72,1,67,1,73
455300,1,74,1,75,1,76
455400,1,75,1,70,1,76
455500,1,74,1,79,1,77
455600,1,73,1,74,1,74
455700,1,73,1,75,1,72
455800,1,72,1,67,1,73
455900,1,75,1,74,1,76
456000,1,72,1,77,1,75
456100,1,68,1,66,1,74
456200,1,74,1,73,2,82
456300,1,72,1,73,1,75
456400,1,75,1,79,1,80
456500,1,73,1,69,1,79
456600,1,73,1,67,1,72
456700,1,73,1,72,2,107
456800,1,72,1,66,1,75
456900,1,74,1,73,1,73
457000,1,76,1,73,1,74
457100,1,73,1,75,1,79
457200,1,74,1,72,2,82
457300,1,73,1,72,1,73
457400,1,76,1,75,1,80
457500,1,75,1,72,1,75
457600,1,72,1,70,1,73
457700,1,74,1,75,1,72
457800,1,73,1,72,1,76
457900,1,71,1,73,1,77
458000,1,76,1,78,1,75
458100,1,74,1,71,1,72
458200,1,72,1,74,1,70
458300,1,71,1,74,1,80
458400,1,75,1,74,1,70
458500,1,72,1,78,1,75
458600,1,75,1,70,1,76
458700,1,69,1,74,1,80
458800,1,74,1,77,1,72
458900,1,71,1,79,1,71
459000,1,73,1,70,1,79
459100,1,75,1,75,1,76
459200,1,75,1,76,1,72
459300,1,73,1,75,1,72
459400,1,74,1,69,1,76
459500,1,74,1,77,1,76
459600,1,75,1,74,1,78
459700,1,74,1,78,1,72
459800,1,74,1,69,1,70
459900,1,75,1,69,1,80
460000,1,76,1,72,1,72
460100,1,71,1,71,1,73
460200,1,74,1,75,1,78
460300,1,74,1,69,1,72
460400,1,73,1,76,1,76
460500,1,76,1,72,1,72
460600,1,73,1,74,1,76
460700,1,71,1,75,1,75
460800,1,74,1,76,1,73
460900,1,74,1,69,1,76
461000,1,71,1,75,1,77
461100,1,72,1,77,1,75
461200,1,75,1,68,1,77
461300,1,74,1,75,1,78
461400,1,73,1,72,1,78
461500,1,73,1,69,1,72
461600,1,74,1,72,1,75
461700,1,77,1,74,1,76
461800,1,72,1,74,1,75
461900,1,70,1,70,1,78
462000,1,73,1,72,1,73
462100,1,74,1,71,1,79
462200,1,74,1,74,1,76
462300,1,77,1,74,1,76
462400,1,75,1,74,1,73
462500,1,74,1,75,1,71
462600,1,72,1,73,1,74
462700,1,71,1,70,1,77
462800,1,74,1,67,1,77
462900,1,72,1,75,1,74
463000,1,76,1,75,1,77
463100,1,69,1,75,1,78
463200,1,74,1,73,1,75
463300,1,73,1,71,1,73
463400,1,73,1,68,2,82
463500,1,73,1,72,1,80
463600,1,73,1,74,1,73
463700,1,72,1,74,2,101
463800,1,70,1,74,1,72
463900,1,73,1,75,1,74
464000,1,73,1,70,1,78
464100,1,74,1,71,1,73
464200,1,77,1,67,1,75
464300,1,75,1,72,1,70
464400,1,73,1,78,1,76
464500,1,73,1,72,1,76
464600,1,72,1,73,1,78
464700,1,73,1,68,1,75
464800,1,73,1,70,1,74
464900,1,76,1,72,1,74
465000,1,74,1,75,1,74
465100,1,78,1,70,1,76
465200,1,73,1,69,1,74
465300,1,74,1,78,1,81
465400,1,74,1,72,1,77
465500,1,75,1,79,1,75
465600,1,75,1,72,1,74
465700,1,74,1,78,1,71
465800,1,73,1,72,2,107
465900,1,75,1,74,1,73
466000,1,76,1,75,1,77
466100,1,73,1,75,1,77
466200,1,73,1,72,1,78
466300,1,76,1,70,1,81
466400,1,77,1,73,1,69
466500,1,74,1,71,1,70
466600,1,69,1,77,1,70
466700,1,75,1,70,1,79
466800,1,74,1,74,1,78
466900,1,72,1,72,1,80
467000,1,73,1,68,1,71
467100,1,75,1,76,1,70
467200,1,74,1,73,1,73
467300,1,75,1,66,1,75
467400,1,74,1,72,1,81
467500,1,75,1,71,1,70
467600,1,75,1,78,1,72
467700,1,74,1,76,1,81
467800,1,71,1,74,1,71
467900,1,76,1,78,1,76
468000,1,72,1,74,1,77
468100,1,73,1,71,1,74
468200,1,74,1,74,1,69
468300,1,76,2,116,1,80
468400,1,72,1,72,1,70
468500,1,75,1,70,1,77
468600,1,73,1,72,1,73
468700,1,76,1,72,1,74
468800,1,73,1,74,1,79
468900,1,74,1,73,1,73
469000,1,75,1,74,1,79
469100,1,77,1,72,1,73
469200,1,77,1,75,1,76
469300,1,73,1,74,1,76
469400,1,74,1,68,1,78
469500,1,75,1,72,1,71
469600,1,74,1,72,1,73
469700,1,74,1,76,1,77
469800,1,76,1,73,1,77
469900,1,74,1,73,1,71
470000,1,78,1,71,1,80
470100,1,73,1,75,1,76
470200,1,74,1,76,1,75
470300,1,73,1,73,2,98
470400,1,74,2,102,1,78
470500,1,75,1,73,1,74
470600,1,78,1,75,1,72
470700,1,76,1,69,1,78
470800,1,72,1,72,1,80
470900,1,74,1,73,1,74
471000,1,74,1,70,1,74
471100,1,73,1,75,1,81
471200,1,74,1,73,1,78
471300,1,73,1,74,1,76
471400,1,73,1,73,1,69
471500,1,74,1,73,2,82
471600,1,76,1,72,1,75
471700,1,69,1,72,1,71
471800,1,79,1,70,1,72
471900,1,78,1,75,1,74
472000,1,77,1,72,1,72
472100,1,71,1,68,1,80
472200,1,74,1,76,1,78
472300,1,74,1,74,1,76
472400,1,74,1,74,2,110
472500,1,74,1,73,1,78
472600,1,75,1,73,1,76
472700,1,76,1,69,1,72
472800,1,72,1,71,1,80
472900,1,74,1,71,1,75
473000,1,74,1,69,1,79
473100,1,72,1,71,1,71
473200,1,73,1,75,1,70
473300,1,72,1,71,1,70
473400,1,73,1,74,1,73
473500,1,71,1,75,1,73
473600,1,71,1,74,1,80
473700,1,71,1,74,1,75
473800,1,70,1,74,1,75
473900,1,76,1,71,1,73
474000,1,72,1,71,1,72
474100,1,74,1,72,1,79
474200,1,77,1,75,1,77
474300,1,73,1,73,1,75
474400,1,78,1,74,1,78
474500,1,74,1,77,2,100
474600,1,76,1,74,1,78
474700,1,75,1,75,1,78
474800,1,75,1,69,1,76
474900,1,76,1,75,1,75
475000,1,74,1,75,1,72
475100,1,72,1,72,1,78
475200,1,77,1,72,1,77
475300,1,75,1,76,1,72
475400,1,71,1,74,1,78
475500,1,74,1,78,1,76
475600,1,71,1,69,1,72
475700,1,74,1,69,1,72
475800,1,74,1,73,1,77
475900,1,74,1,69,1,77
476000,1,73,1,75,1,70
476100,1,75,1,72,1,75
476200,1,72,1,71,1,74
476300,1,75,1,71,1,71
476400,1,74,1,74,1,77
476500,1,74,1,69,1,71
476600,1,76,1,78,1,80
476700,1,74,1,79,1,75
476800,1,73,1,69,1,79
476900,1,73,1,72,2,103
477000,1,77,1,72,1,81
477100,1,74,1,70,1,69
477200,1,75,1,73,1,80
477300,1,74,1,71,1,74
477400,1,74,1,72,1,76
477500,1,75,2,84,1,80
477600,1,74,1,72,1,74
477700,1,76,1,73,1,76
477800,1,73,1,68,1,70
477900,1,74,1,68,1,69
478000,1,74,1,73,1,78
478100,1,75,1,80,1,77
478200,1,73,1,75,1,74
478300,1,77,1,73,2,82
478400,1,74,1,74,1,77
478500,1,72,1,73,1,68
478600,1,74,1,77,1,70
478700,1,72,1,71,1,70
478800,1,81,1,73,1,77
478900,1,72,1,72,1,78
479000,1,75,1,68,2,104
479100,1,74,1,69,1,78
479200,1,74,1,76,1,77
479300,1,73,1,72,1,75
479400,1,75,1,78,1,79
479500,1,71,1,75,1,75
479600,1,75,1,74,1,79
479700,1,77,1,74,1,78
479800,1,78,1,73,1,79
479900,1,78,1,77,1,77
480000,1,76,1,76,1,72
480100,1,76,1,78,1,81
480200,1,79,1,76,1,80
480300,1,80,1,72,1,74
480400,1,74,1,78,1,81
480500,1,78,1,72,1,79
480600,1,81,1,77,1,76
480700,1,75,1,76,1,74
480800,1,75,1,70,1,69
480900,1,76,1,73,1,73
481000,1,75,1,73,1,78
481100,1,78,1,76,2,110
481200,1,75,1,80,1,80
481300,1,78,1,73,1,81
481400,1,74,1,75,1,81
481500,1,75,1,73,1,71
481600,1,73,1,72,1,73
481700,1,75,1,77,1,71
481800,1,74,1,72,1,76
481900,1,76,1,79,1,79
482000,1,76,1,73,1,75
482100,1,74,1,75,1,79
482200,1,73,1,73,1,74
482300,1,71,1,74,1,75
482400,1,75,1,73,1,78
482500,1,77,1,75,1,79
482600,1,77,1,75,1,78
482700,1,76,1,80,1,76
482800,1,75,2,82,1,79
482900,1,76,1,79,1,73
483000,1,72,1,75,1,76
483100,1,74,1,71,1,69
483200,1,77,1,75,1,76
483300,1,69,1,78,1,80
483400,2,103,2,104,2,98
483500,3,128,3,125,3,127
483600,3,127,3,128,3,132
483700,3,128,3,129,3,128
483800,3,128,2,122,3,128
483900,3,125,3,127,3,132
484000,4,197,3,127,3,130
484100,3,124,2,121,2,120
484200,2,122,4,186,2,119
484300,2,119,2,119,2,120
484400,2,118,2,120,2,119
484500,2,118,2,117,3,123
484600,2,120,2,113,2,120
484700,2,116,2,115,3,124
484800,2,116,2,114,2,119
484900,2,116,2,113,2,119
485000,2,112,2,119,3,123
485100,2,118,2,119,2,115
485200,2,116,2,113,2,120
485300,2,120,3,125,2,118
485400,2,115,2,111,2,112
485500,2,114,2,113,2,114
485600,2,115,2,113,2,116
485700,2,116,2,118,3,124
485800,2,116,2,115,2,112
485900,2,116,2,113,2,119
486000,2,117,2,114,2,122
486100,2,115,2,117,2,122
486200,2,116,4,174,2,114
486300,2,116,2,115,2,115
486400,2,114,2,109,2,121
486500,2,117,2,114,2,114
486600,2,116,2,117,2,119
486700,2,112,2,115,2,120
486800,2,111,2,109,2,116
486900,2,113,2,113,2,121
487000,2,112,2,113,2,117
487100,2,114,2,117,2,112
487200,2,112,2,107,2,111
487300,4,170,2,110,2,114
487400,2,110,2,109,2,115
487500,2,110,2,109,2,109
487600,2,110,2,111,2,110
487700,2,109,2,105,2,109
487800,2,113,2,113,2,106
487900,2,109,2,110,2,115
488000,2,107,2,109,2,109
488100,2,110,2,112,2,114
488200,2,111,3,163,2,109
488300,2,111,2,111,2,111
488400,2,107,2,110,4,169
488500,2,107,2,105,2,105
488600,2,110,2,111,2,104
488700,2,107,2,104,2,110
488800,2,108,2,108,2,112
488900,2,108,2,109,2,108
489000,2,107,2,106,2,109
489100,2,108,2,112,2,109
489200,2,108,2,107,2,107
489300,3,163,2,106,2,104
489400,2,108,2,108,2,113
489500,2,108,2,107,2,109
489600,2,105,2,106,2,114
489700,2,106,2,109,2,102
489800,2,108,2,104,2,103
489900,2,110,2,104,2,110
490000,2,104,2,105,2,105
490100,2,108,2,111,2,108
490200,2,106,2,107,2,112
490300,2,107,2,109,2,111
490400,2,107,2,106,3,160
490500,2,105,2,110,2,111
490600,2,106,2,111,2,105
490700,2,103,2,106,2,107
490800,2,110,2,104,2,106
490900,2,107,2,108,2,104
491000,2,105,2,110,2,103
491100,2,107,2,106,2,109
491200,2,107,2,110,2,106
491300,3,155,2,107,2,102
491400,2,107,2,105,2,110
491500,2,107,3,161,2,102
491600,2,106,2,109,2,113
491700,2,104,2,103,2,104
491800,2,102,2,107,2,111
491900,2,102,2,102,2,102
492000,2,108,2,103,2,109
492100,2,109,2,101,2,110
492200,2,106,2,106,2,106
492300,2,106,2,104,2,106
492400,2,104,2,103,3,160
492500,2,107,2,105,2,112
492600,2,105,2,100,2,102
492700,2,109,2,100,2,107
492800,2,106,2,104,2,111
492900,2,105,2,103,2,112
493000,2,106,2,104,2,105
493100,2,110,2,107,2,105
493200,2,107,2,110,2,113
493300,2,105,2,109,2,101
493400,2,104,2,104,2,106
493500,2,106,3,159,2,113
493600,2,106,2,106,2,102
493700,2,105,2,103,2,113
493800,2,101,2,103,2,105
493900,2,105,2,97,2,106
494000,2,105,2,102,2,110
494100,2,105,2,102,2,109
494200,2,104,2,105,2,109
494300,2,105,2,101,2,110
494400,2,111,2,105,2,104
494500,3,156,2,105,2,103
494600,2,109,2,103,2,107
494700,2,106,2,104,2,105
494800,2,104,2,109,2,105
494900,2,104,2,105,2,104
495000,2,105,2,106,2,104
495100,2,106,2,107,2,108
495200,2,106,2,100,2,104
495300,2,104,2,102,2,107
495400,2,102,3,162,2,101
495500,2,104,2,105,2,102
495600,2,103,2,104,3,157
495700,2,102,2,103,2,100
495800,2,102,2,98,2,100
495900,2,106,2,99,2,104
496000,2,108,2,108,2,106
496100,2,104,2,107,2,108
496200,2,108,2,105,2,104
496300,3,158,2,100,2,105
496400,2,101,2,107,2,100
496500,2,104,2,103,2,108
496600,2,105,2,108,2,100
496700,2,105,2,109,2,105
496800,2,104,2,104,2,104
496900,2,103,2,99,2,111
497000,2,100,2,103,2,96
497100,2,102,2,101,2,109
497200,2,100,2,101,3,156
497300,2,101,2,107,2,105
497400,2,102,2,105,2,110
497500,2,105,2,105,2,113
497600,2,104,2,109,2,106
497700,2,101,2,105,2,112
497800,2,104,2,107,2,101
497900,2,107,2,108,2,105
498000,2,105,2,105,2,112
498100,2,104,2,106,2,109
498200,2,107,2,109,2,111
498300,2,107,4,165,2,108
498400,2,104,2,105,2,105
498500,2,106,2,100,2,109
498600,2,105,2,106,2,111
498700,2,102,2,100,2,103
498800,2,104,2,109,2,112
498900,2,103,2,112,2,108
499000,2,107,2,104,2,105
499100,2,105,2,102,2,105
499200,2,109,2,102,2,102
499300,2,105,2,107,2,106
499400,3,163,2,108,2,109
499500,2,107,2,103,2,110
499600,2,101,2,110,2,104
499700,2,106,2,108,2,105
499800,2,101,2,99,2,105
499900,2,107,2,106,2,107
500000,2,105,2,109,2,103
500100,2,105,2,102,2,106
500200,2,104,3,157,2,105
500300,2,107,2,105,2,109
500400,2,105,2,103,3,161
500500,2,103,2,107,2,111
500600,2,103,2,105,2,100
500700,2,103,2,104,2,102
500800,2,107,2,107,2,106
500900,2,106,2,103,2,107
501000,5,240,2,104,2,101
501100,9,409,2,107,2,102
501200,10,435,2,103,2,108
501300,10,436,2,104,2,108
501400,10,431,2,105,2,104
501500,7,320,2,100,2,111
501600,2,110,2,108,2,104
501700,2,108,2,108,2,108
501800,2,108,2,105,2,106
501900,2,103,2,106,2,105
502000,2,105,2,103,2,101
502100,2,105,2,101,2,108
502200,2,103,2,101,2,102
502300,3,158,2,103,2,106
502400,2,105,2,106,2,108
502500,2,103,2,102,2,104
502600,2,104,2,101,2,107
502700,2,106,2,102,2,109
502800,2,105,2,108,2,103
502900,2,107,2,107,2,102
503000,2,96,2,103,2,103
503100,2,104,3,163,2,106
503200,2,108,2,99,2,111
503300,2,105,2,108,2,105
503400,2,104,2,104,2,102
503500,2,105,2,105,2,106
503600,2,105,2,103,2,107
503700,2,103,2,101,2,110
503800,2,105,2,105,2,104
503900,2,108,2,109,2,102
504000,2,104,2,106,2,106
504100,3,163,2,106,2,106
504200,2,105,2,104,2,107
504300,2,105,2,101,2,106
504400,2,103,2,105,2,108
504500,2,105,2,104,2,106
504600,2,103,2,105,2,102
504700,2,102,2,102,2,109
504800,2,104,2,108,2,107
504900,2,107,2,102,2,106
505000,2,105,2,105,2,109
505100,2,100,2,105,2,109
505200,2,104,2,100,4,164
505300,2,104,2,107,2,102
505400,2,105,2,103,2,101
505500,2,104,2,102,2,109
505600,2,104,2,105,2,102
505700,2,104,2,108,2,104
505800,2,107,2,105,2,101
505900,2,102,2,105,2,108
506000,2,102,2,103,2,110
506100,3,158,2,104,2,108
506200,2,107,2,106,2,104
506300,2,102,3,162,2,108
506400,2,109,2,108,2,110
506500,2,105,2,105,2,112
506600,2,105,2,105,2,104
506700,2,106,2,106,2,105
506800,2,104,2,102,2,110
506900,2,105,2,105,2,102
507000,2,105,2,103,2,107
507100,2,103,2,104,2,102
507200,2,104,2,106,2,102
507300,2,106,2,105,2,109
507400,2,107,2,102,2,111
507500,2,105,2,99,2,102
507600,2,105,2,102,2,109
507700,2,106,2,109,2,110
507800,4,173,2,102,2,103
507900,11,451,2,106,2,103
508000,16,673,2,106,2,108
508100,20,849,2,103,2,104
508200,24,1011,2,103,2,108
508300,28,1181,2,104,3,142
508400,35,1443,2,104,3,135
508500,43,1785,3,133,3,131
508600,51,2111,3,131,3,141
508700,56,2319,3,137,3,136
508800,58,2395,2,109,3,158
508900,58,2379,2,105,3,137
509000,58,2377,3,132,3,136
509100,57,2375,3,133,3,135
509200,58,2391,3,140,3,137
509300,58,2415,3,131,3,134
509400,65,2683,2,103,3,141
509500,77,3163,3,163,3,141
509600,89,3655,3,139,3,136
509700,99,4065,3,140,3,139
509800,99,4067,3,134,3,144
509900,99,4067,3,140,3,139
510000,99,4067,3,132,3,138
510100,99,4067,3,134,3,138
510200,99,4063,3,136,3,139
510300,99,4067,3,132,3,132
510400,99,4067,3,128,3,163
510500,99,4067,3,138,3,131
510600,99,4067,3,134,3,133
510700,99,4071,3,134,3,135
510800,99,4069,3,132,3,140
510900,99,4065,3,130,3,134
511000,99,4065,3,132,3,132
511100,99,4063,3,161,3,131
511200,99,4067,3,134,3,139
511300,99,4065,3,138,3,131
511400,99,4067,3,136,3,131
511500,99,4067,3,128,3,140
511600,99,4069,3,133,3,129
511700,99,4067,3,134,3,133
511800,99,4067,3,129,3,137
511900,99,4071,3,134,3,129
512000,99,4067,3,132,3,158
512100,99,4067,3,129,3,135
512200,99,4067,3,132,3,140
512300,99,4067,3,129,3,130
512400,98,4053,3,135,3,130
512500,99,4067,3,128,3,133
512600,99,4067,3,133,3,133
512700,99,4067,3,157,3,137
512800,99,4067,3,132,3,136
512900,99,4065,3,135,3,137
513000,99,4067,3,128,3,136
513100,99,4067,3,131,3,132
513200,99,4067,3,135,3,134
513300,99,4067,3,131,3,140
513400,99,4071,3,132,3,136
513500,99,4065,3,131,3,132
513600,99,4071,3,132,3,155
513700,99,4067,3,131,3,131
513800,99,4067,3,133,3,134
513900,99,4067,3,133,3,129
514000,99,4071,3,135,3,136
514100,99,4067,3,134,3,131
514200,99,4067,3,130,3,130
514300,99,4065,3,160,3,138
514400,99,4071,3,132,3,133
514500,99,4071,3,132,3,136
514600,99,4071,3,129,3,133
514700,99,4071,3,133,3,134
514800,99,4067,3,133,3,138
514900,99,4067,3,133,3,133
515000,99,4075,3,132,3,134
515100,99,4067,3,134,3,130
515200,99,4065,3,133,3,155
515300,99,4065,3,137,3,134
515400,99,4065,3,137,3,134
515500,99,4069,3,131,3,135
515600,99,4067,3,128,3,129
515700,99,4067,3,135,3,134
515800,99,4071,3,132,3,131
515900,99,4067,3,156,3,139
516000,99,4071,3,134,3,132
516100,99,4065,3,132,3,132
516200,99,4067,3,134,3,130
516300,99,4067,3,132,3,137
516400,99,4071,3,131,3,139
516500,99,4067,3,135,3,134
516600,99,4069,3,128,3,140
516700,99,4067,3,135,3,134
516800,99,4067,3,130,3,157
516900,99,4067,3,130,3,132
517000,99,4067,3,127,3,136
517100,99,4067,3,130,3,136
517200,99,4067,3,137,3,137
517300,99,4063,3,137,3,137
517400,99,4067,3,130,3,135
517500,99,4067,3,158,3,133
517600,99,4067,3,128,3,139
517700,99,4067,3,135,3,133
517800,99,4067,3,130,3,141
517900,99,4067,3,132,3,128
518000,99,4067,3,134,3,133
518100,99,4071,3,137,3,139
518200,99,4069,3,137,3,137
518300,99,4067,3,134,3,137
518400,99,4067,3,129,4,164
518500,99,4069,3,131,3,136
518600,99,4067,3,131,3,133
518700,99,4067,3,134,3,127
518800,99,4065,3,132,3,133
518900,99,4065,3,128,3,130
519000,99,4067,3,126,3,140
519100,99,4067,3,156,3,132
519200,99,4067,3,132,3,130
519300,99,4067,3,133,3,128
519400,99,4067,3,130,3,132
519500,99,4067,3,133,3,141
519600,99,4067,3,131,3,131
519700,99,4069,3,134,3,141
519800,99,4071,3,131,3,130
519900,99,4067,3,131,3,135
520000,99,4067,3,130,3,157
520100,99,4067,3,135,3,133
520200,99,4067,3,129,3,132
520300,99,4067,3,137,3,136
520400,99,4067,3,133,3,139
520500,99,4071,3,141,2,109
520600,99,4069,3,131,3,133
520700,99,4067,3,153,3,130
520800,99,4065,3,130,3,131
520900,99,4067,3,136,3,141
521000,99,4067,3,132,3,136
521100,99,4067,3,132,3,136
521200,99,4065,3,133,3,129
521300,99,4067,3,133,3,130
521400,99,4071,3,136,3,132
521500,99,4065,3,131,3,137
521600,99,4067,3,130,3,163
521700,99,4067,3,130,3,134
521800,99,4067,3,133,3,136
521900,99,4067,3,134,3,136
522000,99,4067,3,130,3,132
522100,99,4065,3,134,2,108
522200,99,4069,3,133,3,139
522300,99,4067,3,155,3,134
522400,99,4065,3,133,3,139
522500,99,4067,3,134,3,135
522600,99,4067,3,128,3,136
522700,99,4067,3,133,3,132
522800,99,4071,3,131,3,134
522900,99,4067,3,132,3,139
523000,99,4067,3,133,3,136
523100,99,4071,3,131,3,129
523200,99,4067,3,134,3,136
523300,99,4067,3,132,3,136
523400,99,4067,3,135,3,129
523500,99,4067,3,138,3,137
523600,99,4067,3,132,3,132
523700,99,4067,3,127,2,106
523800,99,4067,3,135,3,129
523900,99,4071,3,158,3,136
524000,99,4065,3,128,3,138
524100,99,4067,3,131,3,131
524200,99,4067,3,132,3,133
524300,99,4067,3,134,3,130
524400,99,4067,2,106,3,136
524500,99,4067,3,135,3,133
524600,99,4069,3,133,3,132
524700,99,4067,3,138,3,135
524800,99,4067,3,128,3,133
524900,99,4067,3,131,3,137
525000,99,4067,3,134,3,136
525100,99,4067,3,134,3,136
525200,99,4067,3,128,3,133
525300,99,4067,3,137,3,153
525400,99,4067,3,135,3,134
525500,99,4065,3,161,3,140
525600,99,4067,3,132,3,134
525700,99,4065,3,133,3,137
525800,99,4071,3,135,3,132
525900,99,4067,3,128,3,130
526000,99,4065,2,105,3,133
526100,99,4067,3,132,3,139
526200,99,4071,3,133,3,139
526300,99,4067,3,133,3,135
526400,99,4067,3,134,3,133
526500,99,4071,3,128,3,135
526600,99,4067,3,131,3,132
526700,99,4067,3,133,3,132
526800,99,4067,3,130,3,131
526900,99,4067,3,133,3,157
527000,99,4067,3,130,3,136
527100,99,4067,3,132,3,135
527200,99,4067,3,128,3,136
527300,99,4067,3,134,3,133
527400,99,4067,3,129,3,137
527500,99,4067,3,129,3,136
527600,99,4067,2,106,3,136
527700,99,4067,3,132,3,140
527800,99,4071,3,129,3,136
527900,99,4067,3,130,3,139
528000,99,4065,3,133,3,134
528100,99,4067,3,129,3,133
528200,99,4067,3,134,3,132
528300,99,4061,3,135,3,136
528400,99,4067,3,134,3,134
528500,99,4067,3,133,3,157
528600,99,4071,3,128,3,129
528700,99,4071,3,138,3,136
528800,99,4067,3,134,3,133
528900,99,4069,3,133,3,133
529000,99,4067,3,128,3,133
529100,99,4067,3,128,3,135
529200,99,4067,3,152,3,132
529300,99,4067,3,138,3,136
529400,99,4067,3,131,3,141
529500,99,4067,3,129,3,134
529600,99,4065,3,138,3,128
529700,99,4067,3,135,3,134
529800,99,4067,3,132,3,136
529900,99,4063,3,134,3,137
530000,99,4069,3,131,3,136
530100,99,4067,3,131,3,158
530200,99,4071,3,134,3,133
530300,99,4069,3,135,3,134
530400,99,4067,3,133,3,133
530500,99,4067,3,129,3,136
530600,99,4067,3,129,3,140
530700,99,4067,3,128,3,136
530800,99,4065,3,158,3,135
530900,99,4067,3,131,3,129
531000,99,4067,3,135,3,133
531100,99,4067,3,128,3,138
531200,99,4067,3,138,3,131
531300,99,4067,3,134,3,133
531400,99,4069,3,130,3,133
531500,99,4067,3,132,3,139
531600,99,4071,3,131,3,137
531700,99,4073,3,135,3,154
531800,99,4067,3,132,3,141
531900,99,4071,3,131,3,136
532000,99,4071,3,130,3,131
532100,99,4067,3,136,3,132
532200,99,4067,3,137,3,133
532300,99,4067,3,128,3,135
532400,99,4065,3,155,3,138
532500,99,4067,3,132,3,133
532600,99,4067,3,134,3,135
532700,99,4065,3,133,3,130
532800,99,4067,3,134,3,128
532900,99,4065,3,132,3,132
533000,99,4067,3,127,3,133
533100,99,4071,3,128,3,136
533200,99,4067,3,130,3,137
533300,99,4071,3,131,3,160
533400,99,4067,3,134,3,136
533500,99,4069,3,133,3,137
533600,99,4065,3,134,3,140
533700,99,4067,3,129,3,130
533800,99,4065,3,135,3,139
533900,99,4067,3,131,3,141
534000,99,4067,3,151,3,132
534100,99,4067,3,134,3,135
534200,99,4069,3,128,3,130
534300,99,4065,3,136,3,135
534400,99,4065,3,137,3,129
534500,99,4067,3,133,3,134
534600,99,4067,3,136,3,134
534700,99,4071,3,134,3,136
534800,99,4065,3,130,3,136
534900,99,4071,3,128,3,160
535000,99,4067,3,128,3,134
535100,99,4067,3,128,3,131
535200,99,4071,3,131,3,141
535300,99,4071,3,131,3,131
535400,99,4071,3,136,3,132
535500,99,4065,3,132,3,130
535600,99,4069,3,157,3,140
535700,99,4067,3,130,3,136
535800,99,4067,3,133,3,135
535900,99,4065,3,132,3,137
536000,99,4067,3,131,3,130
536100,99,4067,3,132,3,131
536200,99,4067,3,129,3,134
536300,99,4071,3,131,3,133
536400,99,4067,3,134,3,131
536500,99,4067,3,129,3,153
536600,99,4071,3,129,3,136
536700,99,4071,3,133,3,135
536800,99,4067,3,133,3,136
536900,99,4067,3,134,3,131
537000,99,4067,3,134,3,134
537100,99,4067,3,132,3,133
537200,99,4067,3,157,3,129
537300,99,4067,3,133,3,133
537400,99,4065,3,137,3,135
537500,99,4067,3,134,3,137
537600,99,4067,3,129,3,137
537700,99,4071,3,138,3,135
537800,99,4067,3,128,3,136
537900,99,4071,3,130,3,140
538000,99,4071,3,128,3,133
538100,99,4067,3,130,3,163
538200,99,4067,3,132,3,133
538300,99,4067,3,133,3,133
538400,99,4069,3,135,3,134
538500,99,4067,3,128,3,137
538600,99,4065,3,135,2,102
538700,99,4065,3,128,3,129
538800,99,4071,3,155,3,139
538900,99,4067,3,134,3,137
539000,99,4067,3,135,3,132
539100,99,4067,3,134,3,136
539200,99,4067,3,128,3,133
539300,99,4071,3,137,3,137
539400,99,4069,3,134,3,137
539500,99,4071,3,131,3,133
539600,99,4067,3,129,3,131
539700,99,4067,3,130,3,160
539800,99,4071,3,135,3,130
539900,99,4067,3,134,3,139
540000,99,4067,3,133,3,138
540100,99,4067,3,130,3,132
540200,99,4067,3,132,2,106
540300,99,4067,3,128,3,132
540400,99,4071,3,156,3,141
540500,99,4067,3,131,3,129
540600,99,4067,3,131,3,140
540700,99,4067,3,133,3,132
540800,99,4067,3,134,3,136
540900,99,4067,3,133,3,133
541000,99,4067,3,130,3,132
541100,99,4071,3,129,3,135
541200,99,4067,3,136,3,129
541300,99,4071,3,133,3,134
541400,99,4069,3,128,3,131
541500,99,4071,3,131,3,129
541600,99,4067,3,129,3,133
541700,99,4071,3,130,3,138
541800,99,4067,3,124,2,103
541900,99,4067,3,134,3,129
542000,99,4067,3,155,3,134
542100,99,4069,3,132,3,136
542200,99,4067,3,131,3,135
542300,99,4065,3,135,3,133
542400,99,4067,3,133,3,130
542500,99,4067,2,96,3,134
542600,99,4067,3,160,3,140
542700,99,4067,3,134,3,134
542800,99,4067,3,131,3,132
542900,99,4067,3,130,3,135
543000,99,4067,3,132,3,138
543100,99,4071,3,125,3,139
543200,99,4071,3,136,3,136
543300,99,4071,3,134,3,136
543400,99,4071,3,133,3,131
543500,99,4065,3,131,3,157
543600,99,4067,3,130,3,133
543700,99,4067,3,128,3,140
543800,99,4067,3,137,3,135
543900,99,4067,3,130,3,131
544000,99,4071,3,137,3,128
544100,99,4067,3,134,3,137
544200,99,4067,3,151,3,131
544300,99,4071,3,128,3,135
544400,99,4067,3,128,3,127
544500,99,4067,3,134,3,129
544600,99,4071,3,133,3,137
544700,99,4071,3,134,3,138
544800,99,4067,3,131,3,132
544900,99,4073,3,132,3,141
545000,99,4071,3,138,3,136
545100,99,4067,3,129,3,156
545200,99,4065,3,133,3,137
545300,99,4067,3,138,3,128
545400,99,4065,3,135,3,132
545500,99,4071,3,131,3,136
545600,99,4065,3,137,3,136
545700,99,4067,3,131,3,142
545800,99,4067,3,151,3,133
545900,99,4067,3,137,3,139
546000,99,4071,3,136,3,133
546100,99,4071,3,130,3,137
546200,99,4067,3,136,3,130
546300,99,4067,3,133,3,137
546400,99,4067,3,131,3,129
546500,99,4069,3,132,3,132
546600,99,4067,3,137,3,135
546700,99,4067,3,139,4,165
546800,99,4067,3,133,3,136
546900,99,4071,3,135,3,131
547000,99,4069,3,130,3,140
547100,99,4071,3,128,3,132
547200,99,4071,3,133,3,136
547300,99,4071,3,136,3,136
547400,99,4071,3,157,3,134
547500,99,4065,3,134,3,139
547600,99,4067,3,132,3,138
547700,99,4067,3,129,3,132
547800,99,4069,3,132,3,137
547900,99,4071,3,129,3,134
548000,99,4065,3,130,3,135
548100,99,4071,3,134,3,133
548200,99,4067,3,134,3,137
548300,99,4069,3,134,3,162
548400,99,4067,3,136,3,137
548500,99,4069,3,133,3,137
548600,99,4071,3,134,3,133
548700,99,4067,3,137,3,135
548800,99,4061,3,134,2,105
548900,99,4065,3,133,3,137
549000,99,4065,4,166,3,138
549100,99,4067,3,130,3,138
549200,99,4067,2,121,3,136
549300,99,4067,3,136,3,133
549400,99,4067,3,134,3,138
549500,99,4069,3,132,3,130
549600,99,4067,3,138,3,129
549700,99,4059,3,139,3,133
549800,99,4059,3,130,3,131
549900,99,4059,3,133,3,161
550000,99,4067,3,134,3,141
550100,99,4067,3,138,3,133
550200,99,4067,3,135,3,137
550300,99,4067,3,136,3,137
550400,99,4067,3,134,2,101
550500,99,4067,3,135,3,134
550600,99,4067,3,163,3,142
550700,99,4067,3,134,3,140
550800,99,4067,3,137,3,132
550900,99,4067,3,136,3,132
551000,99,4067,3,140,3,134
551100,99,4067,3,132,3,139
551200,99,4067,3,135,3,138
551300,99,4065,3,132,3,141
551400,99,4065,3,130,3,139
551500,99,4067,3,127,3,138
551600,99,4067,3,131,3,135
551700,99,4069,3,135,3,132
551800,99,4067,3,136,3,135
551900,99,4067,3,132,3,138
552000,99,4067,3,129,2,111
552100,99,4065,3,133,3,137
552200,99,4067,3,159,3,137
552300,99,4067,3,132,3,135
552400,99,4067,3,136,3,141
552500,99,4067,3,134,3,136
552600,99,4071,3,132,3,132
552700,99,4067,2,106,3,132
552800,99,4067,3,135,3,136
552900,99,4065,3,138,3,134
553000,99,4067,3,129,3,141
553100,99,4067,3,129,3,139
553200,99,4067,3,134,3,133
553300,99,4065,3,133,3,140
553400,99,4067,3,137,3,141
553500,99,4067,3,137,3,140
553600,99,4067,3,136,3,157
553700,99,4071,3,135,3,136
553800,99,4067,1,71,3,140
553900,99,4067,3,134,3,141
554000,99,4069,3,131,3,138
554100,99,4067,3,130,3,142
554200,99,4065,3,130,3,134
554300,99,4067,3,132,3,134
554400,99,4067,3,160,3,131
554500,99,4071,3,129,3,132
554600,99,4067,3,135,3,137
554700,99,4067,3,136,3,135
554800,99,4071,3,133,3,137
554900,99,4067,3,136,3,136
555000,99,4067,3,128,3,130
555100,99,4067,3,129,3,140
555200,99,4067,3,132,3,130
555300,99,4067,3,132,3,161
555400,99,4067,3,132,3,142
555500,99,4065,3,136,3,133
555600,99,4067,3,140,3,134
555700,99,4059,3,132,3,141
555800,99,4065,3,128,3,131
555900,99,4067,3,133,3,137
556000,99,4071,3,157,3,131
556100,99,4071,3,130,3,140
556200,99,4071,3,133,3,139
556300,99,4071,3,134,3,136
556400,99,4075,3,137,3,135
556500,99,4071,3,133,3,135
556600,99,4075,3,132,3,132
556700,99,4071,3,132,3,134
556800,99,4073,3,136,3,139
556900,99,4071,3,134,3,155
557000,99,4065,3,134,3,137
557100,99,4061,3,133,3,131
557200,99,4057,3,137,3,134
557300,98,4033,3,132,3,136
557400,98,4039,3,143,2,108
557500,98,4035,3,123,3,126
557600,98,4033,3,158,3,130
557700,98,4051,2,114,2,115
557800,99,4067,3,126,2,121
557900,99,4067,3,129,3,128
558000,99,4067,3,128,3,127
558100,99,4059,3,124,3,130
558200,99,4065,3,125,3,128
558300,99,4063,3,128,3,127
558400,99,4065,3,127,3,126
558500,99,4065,3,127,3,147
558600,99,4065,3,128,3,124
558700,99,4059,3,128,3,127
558800,99,4065,3,127,3,130
558900,99,4065,3,127,3,130
559000,99,4063,3,132,2,103
559100,99,4065,3,128,3,126
559200,99,4065,3,149,3,130
559300,99,4065,3,128,3,128
559400,99,4063,3,129,3,133
559500,99,4063,3,127,3,129
559600,99,4065,3,131,3,130
559700,99,4065,3,125,3,133
559800,99,4063,3,128,3,134
559900,99,4065,3,130,3,136
560000,99,4067,3,126,3,130
560100,99,4065,3,131,3,128
560200,99,4063,3,127,3,129
560300,99,4063,3,132,3,129
560400,99,4065,3,128,3,135
560500,99,4065,3,131,3,131
560600,99,4065,3,127,2,102
560700,99,4065,3,128,3,128
560800,99,4063,3,152,3,130
560900,99,4065,3,132,3,132
561000,99,4067,3,129,3,131
561100,99,4065,3,130,3,131
561200,99,4065,3,130,3,130
561300,99,4065,2,102,3,135
561400,99,4063,3,132,3,128
561500,99,4065,3,137,3,136
561600,99,4065,3,129,3,135
561700,99,4063,3,131,3,126
561800,99,4061,3,135,3,133
561900,99,4065,3,126,3,130
562000,99,4065,3,132,3,132
562100,99,4061,3,127,3,129
562200,99,4063,3,132,3,161
562300,99,4067,3,131,3,137
562400,99,4059,3,149,3,128
562500,90,3687,3,130,3,134
562600,82,3363,3,128,3,134
562700,76,3139,3,132,3,131
562800,71,2935,2,108,3,132
562900,67,2747,2,99,3,129
563000,65,2683,3,153,3,134
563100,67,2753,3,131,3,135
563200,71,2939,3,128,3,132
563300,77,3169,3,125,3,130
563400,82,3369,2,100,3,131
563500,87,3583,2,103,3,134
563600,90,3715,3,127,3,128
563700,92,3779,3,131,3,136
563800,90,3691,3,128,3,129
563900,85,3481,3,133,3,161
564000,79,3239,2,98,3,131
564100,73,3015,2,100,3,136
564200,67,2781,3,126,3,136
564300,65,2673,3,133,3,131
564400,68,2795,3,136,3,129
564500,74,3043,2,105,3,157
564600,81,3351,2,103,3,131
564700,89,3657,3,127,3,129
564800,93,3813,3,131,3,134
564900,92,3771,3,132,3,139
565000,85,3491,3,129,3,127
565100,75,3093,2,102,3,136
565200,65,2699,3,151,3,135
565300,60,2467,3,134,3,139
565400,65,2669,3,135,3,131
565500,75,3105,3,133,3,137
565600,85,3521,2,101,3,132
565700,87,3599,2,99,3,132
565800,79,3275,2,106,3,134
565900,70,2885,3,130,3,133
566000,63,2615,3,132,3,131
566100,62,2551,3,127,3,134
566200,67,2761,2,101,3,155
566300,75,3075,2,96,3,136
566400,79,3248,2,98,3,127
566500,73,3019,2,95,3,130
566600,65,2667,3,154,3,134
566700,57,2361,3,135,3,132
566800,51,2107,3,131,3,130
566900,46,1923,3,128,2,107
567000,44,1829,2,98,3,126
567100,43,1783,2,103,3,133
567200,42,1739,2,96,3,127
567300,41,1705,3,148,3,129
567400,41,1697,3,123,3,124
567500,43,1763,3,127,3,125
567600,46,1923,2,118,2,103
567700,51,2127,2,100,2,120
567800,56,2319,2,96,3,128
567900,60,2465,2,98,3,128
568000,63,2585,3,149,2,122
568100,65,2663,3,124,3,123
568200,65,2673,2,122,3,127
568300,65,2681,3,125,3,127
568400,65,2671,2,92,3,125
568500,65,2675,2,105,3,123
568600,65,2671,3,143,3,128
568700,65,2673,2,119,2,120
568800,65,2673,3,126,2,122
568900,65,2683,3,125,3,128
569000,65,2675,2,97,2,121
569100,65,2673,2,97,2,119
569200,65,2675,2,98,3,127
569300,65,2673,2,92,2,121
569400,65,2673,2,101,3,127
569500,65,2675,2,121,3,124
569600,65,2671,3,126,2,121
569700,65,2685,2,118,3,124
569800,65,2685,3,125,3,125
569900,65,2669,4,177,2,122
570000,65,2675,9,398,2,121
570100,65,2671,18,765,3,124
570200,65,2683,19,785,3,129
570300,65,2671,19,797,3,136
570400,65,2687,19,784,3,124
570500,65,2675,18,755,3,139
570600,65,2671,19,786,3,124
570700,65,2689,19,779,3,124
570800,65,2673,20,851,3,136
570900,65,2669,33,1373,2,122
571000,65,2673,45,1879,3,135
571100,65,2691,51,2107,3,138
571200,65,2673,51,2093,3,138
571300,65,2689,50,2075,3,137
571400,65,2673,40,1665,3,135
571500,65,2687,28,1154,3,124
571600,65,2671,17,717,3,128
571700,65,2687,10,439,3,131
571800,65,2675,8,344,3,137
571900,65,2673,9,391,3,127
572000,65,2673,17,725,3,127
572100,65,2691,24,997,3,128
572200,65,2673,24,1002,3,143
572300,65,2689,24,1023,3,128
572400,65,2667,25,1043,3,134
572500,65,2687,24,1019,3,130
572600,65,2673,25,1031,3,142
572700,65,2689,24,1017,2,122
572800,65,2675,25,1035,3,123
572900,65,2681,24,1002,2,103
573000,65,2673,25,1039,14,599
573100,65,2669,24,997,23,945
573200,65,2691,25,1025,23,977
573300,65,2669,25,1041,23,973
573400,65,2671,24,1003,20,847
573500,65,2681,24,999,10,433
573600,65,2673,25,1027,3,129
573700,65,2671,24,997,3,142
573800,65,2675,25,1029,3,123
573900,65,2681,24,997,2,103
574000,65,2671,25,1033,12,523
574100,65,2673,24,996,15,647
574200,65,2673,25,1025,6,265
574300,65,2669,24,997,3,147
574400,65,2671,25,1033,10,416
574500,65,2673,24,995,13,543
574600,65,2689,24,1018,4,188
574700,65,2673,25,1035,3,156
574800,65,2687,24,1023,7,324
574900,65,2673,25,1031,8,348
575000,65,2689,25,1025,3,131
575100,65,2673,25,1031,4,165
575200,65,2671,24,1003,9,385
575300,65,2679,25,1027,8,328
575400,65,2671,24,999,8,343
575500,65,2675,25,1029,8,329
575600,65,2675,24,1001,8,349
575700,65,2675,25,1027,8,335
575800,65,2673,24,1005,8,343
575900,65,2691,25,1025,8,329
576000,65,2675,24,997,8,347
576100,65,2675,25,1027,8,332
576200,65,2671,24,1001,8,347
576300,65,2691,25,1025,8,335
576400,65,2673,24,995,8,340
576500,65,2673,25,1035,8,335
576600,65,2669,24,995,8,344
576700,65,2671,25,1027,8,339
576800,65,2669,24,1001,8,359
576900,65,2691,25,1035,8,333
577000,65,2671,24,1003,8,341
577100,65,2693,25,1031,8,335
577200,65,2671,24,1003,8,349
577300,65,2689,25,1025,8,331
577400,65,2675,25,1043,8,348
577500,65,2685,24,1023,7,327
577600,65,2673,25,1033,8,333
577700,65,2683,24,995,7,313
577800,65,2671,25,1035,8,349
577900,65,2689,24,1019,8,329
578000,65,2675,25,1027,8,329
578100,65,2685,24,1003,8,357
578200,65,2673,25,1035,8,333
578300,65,2669,24,999,8,357
578400,65,2675,25,1033,8,330
578500,65,2679,24,1003,8,352
578600,65,2675,25,1027,8,329
578700,65,2671,24,1005,8,354
578800,65,2675,25,1029,8,329
578900,65,2675,24,1005,8,343
579000,65,2691,25,1033,8,331
579100,65,2675,24,1003,8,352
579200,65,2687,24,1017,8,335
579300,65,2671,25,1035,8,349
579400,65,2683,24,1018,8,339
579500,65,2675,25,1035,8,335
579600,65,2689,24,1023,8,339
579700,65,2675,25,1033,8,340
579800,65,2669,24,997,8,356
